INSERT INTO `uzytkownicy`(`Id_Uzytkownika`, `Czy_blokowany`, `Czy_usuniety`, `Email`, `Haslo`, `Imie`, `Login`, `Nazwisko`, `Ostatnie_logowanie`) VALUES (1,0,0,"email1@gmail.com","user","Jan","user","Kowalski",null)
INSERT INTO `typy_zgloszen`(`Id_Typ`, `Nazwa`) VALUES (1,"Problem")
INSERT INTO `priorytety`(`Id_Priorytet`, `Nazwa`, `Stopien_waznosci`) VALUES (1,"Wysoki","4")
INSERT INTO `produkty`(`Id_Produkt`, `Cena`, `Nazwa`, `Opis`) VALUES (1,"2000","Przykladowy Produkt","Przykladowy opis")
INSERT INTO `firmy`(`Id_Firma`, `Kod_pocztowy`, `Miejscowosc`, `Nazwa`, `Numer`, `Ulica`) VALUES (1,"21032","Lublin","Przykladowa firma","Numer","Przykladowa ulica")
INSERT INTO `firma_produkt`(`Id_Firma_Produkt`, `Czy_pomoc_aktywna`, `Id_firmy`, `Id_produktu`) VALUES (1,1,1,1)
INSERT INTO `uzytkownicy`(`Id_Uzytkownika`, `Czy_blokowany`, `Czy_usuniety`, `Email`, `Haslo`, `Imie`, `Login`, `Nazwisko`, `Ostatnie_logowanie`) VALUES (2,0,0,"email2@gmail.com","pracownik1","Mirosław","pracownik1","Janowski",null)
INSERT INTO `uzytkownicy`(`Id_Uzytkownika`, `Czy_blokowany`, `Czy_usuniety`, `Email`, `Haslo`, `Imie`, `Login`, `Nazwisko`, `Ostatnie_logowanie`) VALUES (3,0,0,"email3@gmail.com","pracownik2","Adam","pracownik2","Bąk",null)
INSERT INTO `uzytkownicy`(`Id_Uzytkownika`, `Czy_blokowany`, `Czy_usuniety`, `Email`, `Haslo`, `Imie`, `Login`, `Nazwisko`, `Ostatnie_logowanie`) VALUES (4,0,0,"email4@gmail.com","pracownik3","Janusz","pracownik3","Tracz",null)
INSERT INTO `uzytkownicy`(`Id_Uzytkownika`, `Czy_blokowany`, `Czy_usuniety`, `Email`, `Haslo`, `Imie`, `Login`, `Nazwisko`, `Ostatnie_logowanie`) VALUES (5,0,0,"email5@gmail.com","pracownik4","Januszek","pracownik4","Traczek",null)
INSERT INTO `pracownicy`(`Id_Pracownik`, `Id_uzytkownika`) VALUES (1,2)
INSERT INTO `pracownicy`(`Id_Pracownik`, `Id_uzytkownika`) VALUES (2,3)
INSERT INTO `pracownicy`(`Id_Pracownik`, `Id_uzytkownika`) VALUES (3,4)
INSERT INTO `pracownicy`(`Id_Pracownik`, `Id_uzytkownika`) VALUES (4,5)
INSERT INTO `firmy`(`Id_Firma`, `Kod_pocztowy`, `Miejscowosc`, `Nazwa`, `Numer`, `Ulica`) VALUES (2,"21450","Warszawa","Przykladowa firma2","Numer2","Przykladowa ulica2")
INSERT INTO `firmy`(`Id_Firma`, `Kod_pocztowy`, `Miejscowosc`, `Nazwa`, `Numer`, `Ulica`) VALUES (3,"32450","Kraków","Przykladowa firma3","Numer3","Przykladowa ulica3")
INSERT INTO `uzytkownicy`(`Id_Uzytkownika`, `Czy_blokowany`, `Czy_usuniety`, `Email`, `Haslo`, `Imie`, `Login`, `Nazwisko`, `Ostatnie_logowanie`) VALUES (6,0,0,"email6@gmail.com","przedstawiciel1","Robert","przedstawiciel1","Kowalski",null)
INSERT INTO `uzytkownicy`(`Id_Uzytkownika`, `Czy_blokowany`, `Czy_usuniety`, `Email`, `Haslo`, `Imie`, `Login`, `Nazwisko`, `Ostatnie_logowanie`) VALUES (7,0,0,"email7@gmail.com","przedstawiciel2","Patryk","przedstawiciel2","Stepien",null)
INSERT INTO `uzytkownicy`(`Id_Uzytkownika`, `Czy_blokowany`, `Czy_usuniety`, `Email`, `Haslo`, `Imie`, `Login`, `Nazwisko`, `Ostatnie_logowanie`) VALUES (8,0,0,"email8@gmail.com","przedstawiciel3","Dominik","przedstawiciel3","Zanwisko",null)
INSERT INTO `przedstawiciele`(`Id_Pzedstawiciel`, `Id_firmy`, `Id_uzytkownika`) VALUES (1,1,6)
INSERT INTO `przedstawiciele`(`Id_Pzedstawiciel`, `Id_firmy`, `Id_uzytkownika`) VALUES (2,2,7)
INSERT INTO `przedstawiciele`(`Id_Pzedstawiciel`, `Id_firmy`, `Id_uzytkownika`) VALUES (3,3,8)
INSERT INTO `uzytkownicy`(`Id_Uzytkownika`, `Czy_blokowany`, `Czy_usuniety`, `Email`, `Haslo`, `Imie`, `Login`, `Nazwisko`, `Ostatnie_logowanie`) VALUES (9,0,0,"email9@gmail.com","klient1f1","Krzysztof","klient1f1","Kawa",null)
INSERT INTO `uzytkownicy`(`Id_Uzytkownika`, `Czy_blokowany`, `Czy_usuniety`, `Email`, `Haslo`, `Imie`, `Login`, `Nazwisko`, `Ostatnie_logowanie`) VALUES (10,0,0,"email10@gmail.com","klient2f1","Damian","klient2f1","Herbata",null)
INSERT INTO `uzytkownicy`(`Id_Uzytkownika`, `Czy_blokowany`, `Czy_usuniety`, `Email`, `Haslo`, `Imie`, `Login`, `Nazwisko`, `Ostatnie_logowanie`) VALUES (11,0,0,"email11@gmail.com","klient3f1","Kamil","klient3f1","Piwo",null)
INSERT INTO `uzytkownicy`(`Id_Uzytkownika`, `Czy_blokowany`, `Czy_usuniety`, `Email`, `Haslo`, `Imie`, `Login`, `Nazwisko`, `Ostatnie_logowanie`) VALUES (12,0,0,"email12@gmail.com","klient1f2","Maria","klient1f2","Gruszka",null)
INSERT INTO `uzytkownicy`(`Id_Uzytkownika`, `Czy_blokowany`, `Czy_usuniety`, `Email`, `Haslo`, `Imie`, `Login`, `Nazwisko`, `Ostatnie_logowanie`) VALUES (13,0,0,"email13@gmail.com","klient2f2","Grzegorz","klient2f2","Pietruszka",null)
INSERT INTO `uzytkownicy`(`Id_Uzytkownika`, `Czy_blokowany`, `Czy_usuniety`, `Email`, `Haslo`, `Imie`, `Login`, `Nazwisko`, `Ostatnie_logowanie`) VALUES (14,0,0,"email14@gmail.com","klient1f3","Michał","klient1f3","Lech",null)
INSERT INTO `klienci`(`Id_Klient`, `Id_przedstawiciela`, `Id_firmy`, `Id_uzytkownika`) VALUES (1,1,1,1)
INSERT INTO `klienci`(`Id_Klient`, `Id_przedstawiciela`, `Id_firmy`, `Id_uzytkownika`) VALUES (1,1,1,9)
INSERT INTO `klienci`(`Id_Klient`, `Id_przedstawiciela`, `Id_firmy`, `Id_uzytkownika`) VALUES (2,1,1,10)
INSERT INTO `klienci`(`Id_Klient`, `Id_przedstawiciela`, `Id_firmy`, `Id_uzytkownika`) VALUES (3,1,1,11)
INSERT INTO `klienci`(`Id_Klient`, `Id_przedstawiciela`, `Id_firmy`, `Id_uzytkownika`) VALUES (4,2,2,12)
INSERT INTO `klienci`(`Id_Klient`, `Id_przedstawiciela`, `Id_firmy`, `Id_uzytkownika`) VALUES (5,2,2,13)
INSERT INTO `klienci`(`Id_Klient`, `Id_przedstawiciela`, `Id_firmy`, `Id_uzytkownika`) VALUES (6,3,3,14)
INSERT INTO `uzytkownicy`(`Id_Uzytkownika`, `Czy_blokowany`, `Czy_usuniety`, `Email`, `Haslo`, `Imie`, `Login`, `Nazwisko`, `Ostatnie_logowanie`) VALUES (15,0,0,"email15@gmail.com","admin1","Edward","admin1","Drzwi",null)
INSERT INTO `uzytkownicy`(`Id_Uzytkownika`, `Czy_blokowany`, `Czy_usuniety`, `Email`, `Haslo`, `Imie`, `Login`, `Nazwisko`, `Ostatnie_logowanie`) VALUES (16,0,0,"email16@gmail.com","admin2","Adam","admin2","Grug",null)
INSERT INTO `administratorzy`(`Id_Administrator`, `Id_uzytkownika`) VALUES (1,15)
INSERT INTO `administratorzy`(`Id_Administrator`, `Id_uzytkownika`) VALUES (2,16)